-1,-1,-1,-1,-1,-1,-1,-1,-1,-1,-1,-1,-1,-1,-1,-1,-1,-1,-1,-1,-1,-1,-1,-1,-1,-1,-1,-1,-1,-1,-1,-1,-1,-1,-1,-1,-1,-1,-1,-1,-1,-1,-1,-1,43,43,43,43,43,-1,-1,55,55,55,55,55,55,55,55,55,55,55,55,55,55,55,55,55,55,55,-1,-1,-1,-1,-1,-1,-1,-1,-1,-1,-1,-1
-1,-1,-1,-1,-1,-1,-1,-1,-1,-1,-1,-1,-1,-1,-1,-1,-1,-1,-1,-1,-1,-1,-1,-1,-1,-1,-1,-1,-1,-1,-1,-1,-1,-1,-1,-1,-1,-1,-1,-1,-1,-1,-1,43,43,43,43,43,43,-1,-1,55,-1,-1,-1,55,55,55,55,55,55,55,55,55,55,55,55,55,55,55,-1,-1,-1,-1,-1,-1,21,21,-1,-1,-1,-1
-1,-1,-1,-1,-1,-1,-1,-1,-1,-1,-1,-1,-1,-1,-1,-1,-1,-1,-1,-1,-1,-1,-1,-1,-1,-1,-1,-1,-1,-1,-1,-1,-1,-1,-1,-1,-1,-1,-1,-1,-1,-1,43,43,43,43,43,43,43,43,-1,-1,-1,-1,-1,-1,55,55,55,55,55,55,55,55,55,55,55,55,55,55,-1,-1,-1,-1,-1,-1,21,21,-1,-1,-1,-1
-1,-1,-1,-1,72,72,72,72,72,-1,72,72,-1,-1,-1,-1,-1,-1,-1,-1,-1,-1,114,114,114,114,114,114,114,114,-1,-1,-1,-1,-1,-1,-1,-1,43,43,43,43,43,43,43,43,43,43,43,-1,-1,-1,-1,-1,-1,-1,55,55,55,55,55,55,55,55,55,55,55,55,55,-1,-1,-1,-1,-1,-1,-1,21,-1,-1,-1,-1,-1
-1,-1,-1,-1,72,72,72,72,-1,-1,72,72,72,72,72,-1,-1,-1,-1,-1,-1,-1,114,114,114,114,114,114,114,114,-1,-1,-1,-1,-1,-1,-1,-1,43,43,43,43,43,43,43,43,43,43,43,-1,-1,-1,-1,-1,-1,55,55,55,55,55,55,55,55,55,55,55,55,55,-1,-1,-1,-1,-1,-1,-1,21,21,-1,-1,-1,-1,-1
-1,-1,-1,72,72,72,72,72,-1,-1,72,72,72,72,72,72,-1,-1,-1,-1,-1,-1,114,114,114,114,114,114,114,114,-1,-1,-1,-1,-1,-1,43,43,43,43,43,43,43,43,43,43,43,43,43,43,43,43,-1,-1,55,55,55,55,55,55,55,55,55,55,55,55,55,-1,-1,-1,-1,-1,-1,-1,21,21,-1,-1,-1,-1,-1,-1
-1,-1,72,72,72,72,72,72,-1,-1,72,72,-1,72,72,72,72,-1,72,72,-1,-1,114,114,114,114,114,114,114,114,-1,-1,-1,-1,-1,-1,43,43,43,43,43,43,43,43,43,43,43,43,43,43,43,43,67,67,67,55,55,55,55,55,55,55,55,55,55,55,55,-1,-1,-1,-1,-1,-1,21,21,21,-1,-1,-1,-1,-1,-1
-1,-1,72,72,72,72,72,-1,-1,72,72,72,-1,-1,-1,-1,72,72,72,72,72,72,114,114,114,114,114,114,114,114,114,-1,-1,-1,-1,43,43,43,43,43,43,43,43,43,43,43,43,43,43,43,43,43,67,67,67,67,67,67,-1,55,55,55,55,55,55,55,-1,-1,-1,-1,-1,-1,-1,21,21,21,-1,-1,-1,-1,-1,-1
-1,-1,72,72,72,72,72,72,72,72,72,72,-1,-1,-1,-1,72,72,72,72,72,72,114,114,114,114,114,114,114,114,114,114,-1,-1,-1,43,43,43,43,43,43,43,43,43,43,43,43,43,43,43,43,67,67,67,67,67,67,67,55,55,55,55,55,55,55,55,-1,-1,-1,-1,-1,-1,-1,21,21,21,-1,-1,-1,-1,-1,-1
-1,-1,72,72,72,72,72,72,72,72,72,72,-1,-1,-1,-1,-1,-1,72,72,72,72,72,114,114,114,114,114,114,114,114,114,-1,-1,-1,43,43,43,43,43,43,43,43,43,43,43,43,43,43,43,43,67,67,67,67,67,67,67,67,67,55,-1,55,55,55,55,-1,-1,-1,-1,-1,-1,-1,-1,21,21,21,21,21,21,21,-1
-1,-1,72,72,72,72,72,72,72,72,72,72,-1,-1,-1,-1,-1,-1,-1,-1,-1,-1,72,114,114,114,114,114,114,114,114,114,114,114,10,43,43,43,43,43,43,43,43,43,43,43,43,43,43,67,67,67,67,67,67,67,67,67,67,67,-1,55,55,55,55,55,-1,-1,21,-1,-1,-1,-1,-1,21,21,21,21,-1,21,-1,-1
-1,-1,-1,72,72,72,72,72,72,72,72,72,-1,-1,-1,-1,-1,-1,-1,-1,-1,-1,-1,114,114,114,114,114,114,114,114,114,114,114,10,43,43,43,43,43,43,43,43,43,43,43,43,43,67,67,67,67,67,67,67,67,67,67,67,67,70,70,70,55,55,55,70,-1,21,-1,-1,-1,21,21,21,21,21,-1,-1,-1,-1,-1
-1,-1,-1,72,72,72,72,72,72,72,72,72,-1,-1,-1,-1,-1,-1,-1,-1,-1,-1,-1,114,114,114,114,114,114,114,114,114,114,114,10,43,43,43,43,43,43,43,43,43,43,43,43,67,67,67,67,67,67,67,67,67,67,67,67,-1,70,70,70,70,55,55,70,70,21,21,-1,-1,-1,21,21,21,21,21,-1,-1,-1,-1
-1,-1,-1,-1,-1,72,72,72,72,72,72,72,-1,-1,-1,-1,-1,-1,-1,-1,-1,-1,-1,-1,114,114,114,114,114,114,114,114,114,114,10,43,43,43,43,43,43,43,43,43,43,43,67,67,67,67,67,67,67,67,67,67,67,67,67,-1,-1,70,70,70,70,70,70,70,-1,21,-1,-1,-1,21,21,21,-1,-1,-1,-1,-1,-1
-1,-1,-1,-1,-1,-1,72,72,72,72,72,72,-1,-1,-1,-1,-1,-1,-1,-1,-1,-1,-1,-1,114,114,114,114,114,114,114,114,114,114,10,10,43,10,10,10,10,10,10,10,10,10,10,10,10,10,10,10,10,67,67,67,67,67,-1,-1,70,70,70,70,70,70,70,-1,21,21,-1,-1,21,21,21,21,-1,-1,-1,-1,-1,-1
-1,-1,-1,-1,-1,-1,-1,-1,-1,72,72,72,-1,-1,-1,-1,-1,-1,-1,-1,-1,-1,-1,-1,-1,114,114,114,114,114,114,114,114,114,10,10,10,10,10,10,10,10,10,10,10,10,10,10,10,10,10,10,10,10,10,67,67,67,56,-1,-1,70,70,70,70,70,70,-1,21,21,21,21,21,21,21,21,-1,-1,-1,-1,-1,-1
-1,-1,-1,-1,-1,-1,-1,-1,-1,72,72,72,-1,-1,-1,-1,-1,-1,-1,-1,-1,-1,-1,-1,-1,114,114,114,114,114,114,114,114,114,10,10,10,10,10,10,10,10,10,10,10,10,10,10,10,10,10,10,10,10,10,67,-1,-1,56,56,-1,-1,70,70,70,70,70,21,21,21,21,21,21,-1,-1,-1,-1,-1,-1,-1,-1,-1
-1,-1,-1,-1,-1,-1,-1,-1,-1,72,72,72,-1,-1,-1,-1,-1,-1,-1,-1,-1,-1,-1,-1,-1,36,36,36,36,36,36,114,114,114,10,10,10,10,10,10,10,10,10,10,10,10,10,10,10,10,10,10,10,10,10,-1,-1,-1,56,56,-1,-1,70,70,70,-1,-1,-1,-1,-1,-1,-1,-1,-1,-1,-1,-1,-1,-1,-1,-1,-1
-1,-1,-1,-1,-1,-1,-1,-1,-1,72,72,72,-1,-1,-1,-1,-1,-1,-1,-1,-1,-1,-1,-1,-1,36,36,36,36,36,36,36,36,9,9,9,9,10,10,10,10,10,10,10,10,10,10,10,10,10,10,10,10,10,10,56,-1,-1,56,-1,-1,-1,70,70,70,-1,-1,-1,-1,-1,-1,-1,-1,-1,-1,-1,-1,-1,-1,-1,-1,-1
-1,-1,-1,-1,-1,-1,-1,-1,-1,72,72,72,-1,-1,-1,-1,-1,-1,-1,-1,-1,-1,-1,-1,-1,-1,36,36,36,36,36,36,36,9,9,9,9,9,9,9,10,10,10,10,10,10,10,10,10,10,10,10,10,10,10,-1,-1,56,56,-1,-1,-1,70,70,70,-1,-1,-1,-1,-1,-1,-1,-1,-1,-1,-1,-1,-1,-1,-1,-1,-1
-1,-1,-1,-1,-1,-1,-1,-1,-1,-1,-1,-1,-1,-1,-1,-1,-1,-1,-1,-1,-1,-1,-1,-1,-1,76,36,36,36,36,36,36,36,9,9,9,9,9,9,9,9,10,10,10,10,10,10,10,10,10,10,10,10,10,56,56,-1,56,-1,-1,-1,-1,93,93,-1,-1,-1,-1,-1,-1,-1,-1,-1,-1,-1,-1,-1,-1,-1,-1,-1,-1
-1,-1,-1,-1,-1,-1,-1,-1,-1,-1,-1,-1,-1,-1,-1,-1,-1,-1,-1,-1,76,76,76,76,76,-1,-1,36,36,36,36,36,36,9,9,9,9,9,9,9,9,10,10,10,10,10,10,10,10,10,10,10,10,56,56,56,56,56,-1,93,93,93,93,93,-1,-1,-1,-1,-1,-1,-1,-1,-1,-1,-1,-1,-1,-1,-1,-1,-1,-1
-1,-1,-1,-1,-1,-1,-1,-1,-1,-1,-1,-1,-1,-1,-1,-1,-1,-1,76,76,76,76,76,76,-1,-1,-1,36,36,36,36,36,36,9,9,9,9,9,9,9,9,10,10,10,10,10,10,10,10,10,10,10,10,10,56,56,56,56,93,93,93,-1,-1,-1,-1,-1,-1,-1,-1,-1,-1,-1,-1,-1,-1,-1,-1,-1,-1,-1,-1,-1
-1,-1,-1,-1,-1,-1,-1,-1,-1,-1,-1,-1,-1,-1,-1,-1,-1,76,76,-1,76,76,76,76,-1,-1,-1,36,36,36,36,36,36,9,9,9,9,9,9,9,9,10,10,10,10,10,10,10,10,10,10,10,10,10,57,57,57,57,57,-1,-1,-1,-1,-1,-1,-1,-1,-1,-1,-1,-1,-1,-1,-1,-1,-1,-1,-1,-1,-1,-1,-1
-1,-1,-1,-1,-1,-1,-1,-1,-1,-1,-1,-1,-1,-1,-1,-1,76,76,-1,-1,76,76,76,-1,76,36,36,36,36,36,36,36,36,9,9,9,9,9,9,9,9,10,10,10,10,10,10,10,10,10,10,10,10,10,57,57,57,57,57,57,57,-1,-1,-1,-1,-1,-1,-1,-1,-1,-1,-1,-1,-1,-1,-1,-1,-1,-1,-1,-1,-1
-1,-1,-1,-1,-1,-1,-1,-1,-1,-1,-1,-1,-1,-1,-1,-1,-1,-1,-1,-1,-1,-1,76,-1,36,36,36,36,36,36,36,36,36,36,9,9,9,9,9,9,9,10,10,10,10,10,10,10,10,10,10,10,10,10,57,57,57,57,57,57,57,-1,-1,-1,-1,-1,-1,-1,-1,-1,69,-1,-1,-1,-1,-1,-1,-1,-1,-1,-1,-1
-1,-1,-1,-1,-1,-1,-1,-1,-1,-1,-1,-1,-1,-1,-1,-1,-1,-1,-1,-1,-1,-1,-1,36,36,36,36,36,36,36,36,36,36,9,9,9,9,9,9,9,9,10,10,10,10,10,10,10,10,10,10,10,10,10,10,57,57,57,57,57,57,-1,-1,-1,-1,-1,-1,-1,-1,-1,69,69,-1,-1,-1,-1,-1,-1,-1,-1,69,-1
-1,-1,-1,-1,-1,-1,-1,-1,-1,-1,-1,-1,-1,-1,-1,-1,-1,10,10,10,-1,36,36,36,36,36,-1,10,10,10,10,10,9,9,9,9,9,9,9,9,9,10,10,10,10,10,10,10,10,10,10,10,10,10,10,57,57,-1,-1,-1,-1,-1,-1,-1,-1,-1,-1,69,69,-1,-1,69,69,69,-1,-1,-1,-1,-1,-1,69,-1
-1,-1,-1,-1,-1,-1,-1,-1,-1,-1,-1,-1,-1,-1,-1,-1,10,10,10,10,10,10,10,10,10,10,10,10,10,-1,10,10,10,9,9,9,9,9,9,9,9,10,10,10,10,10,10,10,10,10,10,10,10,10,10,57,-1,-1,-1,-1,-1,-1,-1,-1,69,69,69,69,69,-1,-1,69,69,69,-1,-1,-1,-1,-1,-1,69,-1
-1,-1,-1,-1,-1,-1,-1,-1,-1,-1,-1,-1,-1,-1,10,-1,10,10,10,10,10,10,10,10,10,10,10,10,10,10,10,10,10,9,9,9,9,9,9,9,9,24,24,24,24,24,24,24,24,10,10,10,10,10,57,57,-1,-1,-1,-1,-1,-1,-1,-1,69,69,69,69,69,69,-1,-1,-1,69,-1,-1,-1,-1,-1,69,69,-1
-1,-1,-1,-1,-1,-1,-1,-1,-1,-1,-1,-1,-1,-1,10,10,10,10,10,10,10,10,10,10,10,10,10,10,9,9,9,9,9,9,9,9,9,9,9,9,9,24,24,24,24,24,24,24,24,10,-1,10,10,10,57,57,-1,-1,-1,-1,-1,-1,69,69,69,69,69,-1,69,69,69,69,-1,69,69,-1,-1,69,69,69,-1,-1
-1,-1,-1,-1,-1,-1,-1,-1,-1,-1,-1,-1,10,-1,10,10,10,10,10,10,10,10,10,10,10,9,9,9,9,9,9,9,9,9,9,9,9,9,9,9,9,24,24,24,24,24,24,24,24,10,10,10,10,10,57,57,-1,-1,-1,-1,-1,-1,69,-1,69,69,69,69,69,69,69,69,69,69,69,-1,-1,69,69,-1,-1,-1
-1,-1,-1,-1,-1,-1,-1,-1,-1,-1,-1,-1,10,10,10,10,10,10,10,10,10,10,10,1,1,9,9,9,9,9,9,9,9,9,9,9,9,9,9,9,9,24,24,24,24,24,24,24,24,10,10,10,10,10,57,57,-1,-1,-1,-1,-1,-1,69,69,69,69,69,69,69,69,-1,69,69,69,69,69,70,69,69,-1,-1,-1
-1,-1,-1,-1,-1,-1,-1,-1,-1,-1,-1,-1,-1,10,10,10,10,10,10,10,10,1,1,1,1,9,9,9,9,9,9,9,9,9,9,9,9,9,9,9,9,24,24,24,24,24,24,24,24,10,10,10,10,10,57,57,69,-1,-1,-1,-1,69,69,69,69,-1,-1,-1,69,69,69,69,69,69,69,69,69,69,69,69,-1,-1
-1,-1,-1,-1,-1,-1,-1,-1,-1,-1,-1,-1,-1,10,10,10,10,10,10,1,1,1,1,1,1,9,9,9,9,9,9,9,9,9,9,9,9,9,9,9,9,24,24,24,24,24,24,24,24,13,13,13,13,13,13,13,69,69,69,69,69,69,-1,-1,-1,-1,-1,-1,-1,69,69,69,69,69,69,69,69,69,-1,69,69,-1
-1,-1,-1,-1,-1,-1,-1,-1,-1,-1,-1,-1,-1,10,10,10,10,10,1,1,1,1,1,1,1,9,9,9,9,9,9,9,9,9,9,9,9,9,9,9,9,24,24,24,24,24,24,24,24,13,13,-1,-1,13,13,13,69,-1,-1,-1,-1,-1,-1,-1,-1,-1,-1,-1,-1,69,69,69,69,69,69,69,69,69,69,69,69,-1
-1,-1,-1,-1,-1,-1,-1,-1,-1,-1,-1,10,10,10,10,10,10,1,1,1,1,1,1,1,1,9,9,9,9,9,9,9,9,9,9,9,9,9,9,9,9,24,24,24,24,24,24,24,24,13,-1,13,13,13,13,13,-1,-1,-1,-1,-1,-1,-1,-1,-1,-1,-1,-1,-1,-1,69,69,69,69,69,69,-1,69,69,69,69,-1
-1,-1,-1,-1,-1,-1,-1,-1,-1,10,10,10,10,10,10,10,1,1,1,1,1,1,1,1,9,9,9,9,9,9,9,9,9,9,9,9,9,9,9,9,9,24,24,24,24,24,24,24,24,13,13,13,13,13,13,13,-1,-1,-1,-1,-1,-1,-1,-1,-1,-1,-1,-1,-1,-1,-1,-1,69,69,-1,-1,-1,-1,-1,69,69,-1
-1,-1,-1,-1,-1,-1,-1,-1,-1,10,10,10,10,10,10,1,1,1,1,1,1,1,1,1,5,5,5,5,5,5,5,5,5,6,6,6,6,6,6,6,6,6,6,2,2,2,2,2,2,2,2,2,2,2,2,2,-1,-1,-1,-1,-1,-1,-1,-1,-1,-1,-1,-1,-1,-1,-1,-1,-1,-1,-1,-1,-1,-1,-1,-1,-1,-1
-1,7,7,-1,7,7,7,-1,-1,-1,10,10,10,10,1,1,1,1,1,1,1,1,1,1,5,5,5,5,5,5,5,5,5,6,6,6,6,6,6,6,6,6,6,2,2,2,2,2,2,2,2,2,2,2,-1,-1,-1,-1,-1,-1,-1,-1,-1,-1,-1,-1,-1,-1,-1,-1,-1,-1,-1,-1,-1,-1,-1,-1,-1,-1,-1,-1
7,7,7,7,7,7,7,7,-1,-1,10,10,10,10,10,1,1,1,1,1,1,1,1,5,5,5,5,5,5,5,5,5,5,6,6,6,6,6,6,6,6,6,2,2,2,2,2,2,2,2,-1,-1,2,2,-1,-1,-1,-1,-1,-1,-1,-1,-1,-1,-1,-1,-1,-1,-1,-1,-1,-1,-1,-1,-1,-1,-1,-1,-1,-1,-1,-1
7,7,7,7,7,7,7,7,-1,-1,7,7,7,7,5,5,1,1,1,1,1,5,5,5,5,5,5,5,5,5,5,5,5,6,6,6,6,6,6,6,6,6,2,2,2,2,2,2,2,2,2,2,2,-1,-1,-1,-1,-1,-1,-1,-1,-1,-1,-1,-1,-1,-1,-1,-1,-1,-1,-1,-1,-1,-1,-1,-1,-1,-1,-1,-1,-1
7,7,7,7,7,7,7,7,7,7,7,-1,7,7,5,5,5,5,5,5,5,5,5,5,5,5,5,5,5,5,5,5,5,6,6,6,6,6,6,6,6,6,2,2,2,2,2,2,2,2,2,2,-1,-1,-1,-1,-1,-1,-1,-1,-1,-1,-1,-1,-1,-1,-1,-1,-1,-1,-1,-1,-1,-1,-1,-1,-1,-1,-1,-1,-1,-1
7,7,7,7,7,7,7,7,7,7,7,7,7,-1,5,5,5,5,5,5,5,5,5,5,5,5,5,5,5,5,5,5,5,6,6,6,6,6,6,6,6,6,6,2,2,2,2,2,2,2,2,-1,-1,-1,-1,-1,-1,-1,-1,-1,-1,-1,-1,-1,-1,-1,-1,-1,-1,-1,-1,-1,-1,-1,-1,-1,-1,-1,-1,-1,-1,-1
7,7,7,7,7,7,7,-1,-1,-1,-1,7,7,7,7,-1,5,5,5,5,5,5,5,5,5,5,5,5,5,5,5,5,5,6,6,6,6,6,6,6,6,6,2,2,2,2,2,2,2,2,2,-1,-1,-1,-1,-1,-1,-1,-1,-1,-1,-1,-1,-1,-1,-1,-1,-1,-1,-1,-1,-1,-1,-1,-1,-1,-1,-1,-1,-1,-1,-1
7,7,7,-1,-1,7,7,7,7,7,7,-1,-1,-1,7,5,5,5,5,5,5,5,5,5,5,5,5,5,5,5,5,5,5,6,6,6,6,6,6,6,6,6,6,2,2,2,2,2,2,2,2,-1,-1,-1,-1,-1,-1,-1,-1,-1,-1,-1,-1,-1,-1,-1,-1,-1,-1,-1,-1,-1,-1,-1,-1,-1,-1,-1,-1,-1,-1,-1
7,7,-1,-1,-1,7,7,7,7,7,7,7,7,7,7,-1,-1,5,5,5,5,5,5,5,5,5,5,5,5,5,5,5,5,6,6,6,6,6,6,6,6,6,6,3,3,3,3,3,3,3,-1,-1,-1,-1,-1,-1,-1,-1,-1,-1,-1,-1,-1,-1,-1,-1,-1,-1,-1,-1,-1,-1,-1,-1,-1,-1,-1,-1,-1,-1,-1,-1
-1,-1,-1,-1,-1,7,7,7,7,7,7,-1,-1,7,-1,-1,-1,-1,5,-1,5,-1,5,5,5,5,5,5,5,5,5,5,5,6,6,6,6,6,6,6,6,6,6,3,3,3,3,3,3,3,3,3,-1,-1,-1,-1,-1,-1,-1,-1,-1,-1,-1,-1,-1,-1,-1,-1,-1,-1,-1,-1,-1,-1,-1,-1,-1,-1,-1,-1,-1,-1
-1,-1,-1,-1,7,7,7,7,7,7,7,7,7,7,7,7,7,7,7,7,5,5,-1,5,5,5,5,5,5,5,5,5,5,6,6,6,6,6,6,6,6,6,6,3,3,3,-1,-1,3,3,3,-1,-1,-1,-1,-1,-1,-1,-1,-1,-1,-1,-1,-1,-1,-1,-1,-1,-1,-1,-1,-1,-1,-1,-1,-1,-1,-1,-1,-1,-1,-1
11,-1,-1,-1,-1,-1,-1,-1,-1,7,7,7,7,7,7,7,7,7,7,7,5,5,-1,5,5,5,5,5,5,5,5,5,5,6,6,6,6,6,6,6,6,6,6,3,3,3,-1,-1,3,3,3,-1,-1,-1,-1,-1,-1,-1,-1,-1,-1,-1,-1,-1,-1,-1,-1,-1,-1,-1,-1,-1,-1,-1,-1,-1,-1,-1,-1,-1,-1,-1
11,11,11,-1,-1,-1,-1,-1,7,7,7,7,7,7,7,7,7,7,7,7,5,5,-1,5,5,5,5,5,5,5,5,5,5,6,6,6,6,6,6,6,6,6,6,3,3,3,3,3,3,3,3,-1,-1,-1,-1,-1,-1,-1,-1,-1,-1,-1,-1,-1,-1,-1,-1,-1,-1,-1,-1,-1,-1,-1,-1,-1,-1,-1,-1,-1,-1,-1
11,11,11,11,11,11,-1,-1,7,7,7,7,7,7,7,-1,-1,7,7,7,5,5,5,5,5,5,-1,5,5,5,5,5,5,6,6,6,6,6,6,6,6,6,6,3,3,3,3,3,3,3,3,3,-1,-1,-1,-1,-1,-1,-1,-1,-1,-1,-1,-1,-1,-1,-1,-1,-1,-1,-1,-1,-1,-1,-1,-1,-1,-1,-1,-1,-1,-1
11,11,11,11,11,11,-1,-1,-1,7,7,7,7,-1,-1,-1,-1,-1,-1,-1,-1,5,5,5,5,5,5,5,5,5,5,5,5,6,6,6,6,6,6,6,6,6,6,3,3,3,3,3,3,3,6,6,6,-1,-1,-1,-1,-1,-1,-1,-1,-1,-1,-1,-1,-1,-1,-1,-1,-1,-1,-1,-1,-1,-1,-1,-1,-1,-1,-1,-1,-1
11,11,11,11,11,11,11,-1,-1,-1,-1,-1,-1,-1,-1,-1,-1,-1,-1,-1,-1,-1,-1,5,5,5,5,5,5,5,5,5,6,6,6,6,6,6,6,6,6,6,6,6,6,6,6,6,6,6,6,6,6,6,-1,-1,-1,-1,-1,-1,-1,-1,-1,-1,-1,-1,-1,-1,-1,-1,-1,-1,-1,-1,-1,-1,-1,-1,-1,-1,-1,-1
11,11,11,11,11,11,11,11,11,11,11,-1,-1,-1,-1,-1,-1,-1,-1,-1,-1,-1,-1,-1,5,5,5,5,5,5,5,5,6,6,6,6,6,6,6,6,6,6,6,6,6,6,6,6,6,6,6,6,6,6,6,6,-1,-1,-1,-1,-1,-1,-1,-1,-1,-1,-1,-1,-1,-1,-1,-1,-1,-1,-1,-1,-1,-1,-1,-1,-1,-1
11,11,11,11,11,11,11,11,11,11,11,-1,-1,-1,-1,-1,-1,-1,-1,-1,-1,-1,-1,-1,-1,-1,-1,-1,-1,5,5,5,6,6,6,6,6,6,6,6,6,6,6,6,6,6,6,6,6,6,6,6,6,6,6,6,4,4,-1,-1,-1,-1,-1,-1,-1,4,4,4,-1,-1,-1,-1,-1,-1,-1,-1,-1,-1,-1,-1,-1,-1
11,11,11,11,11,11,11,11,11,11,11,11,-1,-1,-1,-1,-1,-1,-1,-1,-1,-1,-1,-1,-1,-1,-1,-1,-1,5,5,5,6,6,6,6,6,6,6,6,6,6,6,6,6,6,6,6,6,6,6,6,6,6,6,6,4,4,4,4,-1,-1,4,4,4,4,4,4,4,4,-1,-1,-1,-1,-1,-1,-1,-1,-1,-1,-1,-1
11,11,11,11,11,11,11,11,11,11,11,11,-1,-1,-1,-1,-1,-1,-1,-1,-1,-1,-1,-1,-1,-1,-1,-1,-1,-1,5,5,5,6,6,6,6,6,6,6,6,6,6,6,6,6,6,6,6,6,6,6,6,6,6,6,4,4,5,4,4,4,4,4,4,4,4,4,4,4,4,-1,-1,-1,-1,-1,-1,-1,-1,-1,-1,-1
11,11,-1,-1,11,11,11,11,11,11,-1,-1,-1,-1,-1,-1,-1,-1,-1,-1,-1,-1,-1,-1,-1,-1,-1,-1,-1,-1,5,5,6,6,6,6,6,6,6,6,6,6,6,6,6,6,6,6,6,6,6,6,6,6,6,4,4,4,4,4,4,4,4,4,4,4,4,4,4,4,4,-1,-1,-1,-1,-1,-1,-1,-1,-1,-1,-1
11,11,-1,-1,11,11,11,11,11,-1,-1,-1,-1,-1,-1,-1,-1,-1,-1,-1,-1,-1,-1,-1,-1,-1,-1,-1,-1,-1,-1,5,6,6,6,6,6,6,6,6,6,6,6,6,6,6,6,6,6,6,6,6,6,6,6,4,4,4,4,4,4,4,4,4,4,4,4,4,4,5,-1,-1,-1,-1,-1,-1,-1,-1,-1,-1,-1,-1
